annotator,pr_id,number,title,html_url,merge_status,refactoring_type,language,full_name,state,created_at,closed_at,merged_at,user,stars,forks,repo_id,repo_url,description_mentions_refactoring,refactorings_found_in_code,consistency_label,notes
Annotator_1,3002304521,120,"Extract Features from PR #104: Template Diff Implementation, and Agent API Client extract",https://github.com/appdotbuild/agent/pull/120,closed_unmerged,Extract (other),Python,appdotbuild/agent,closed,2025-04-17T12:08:49Z,2025-04-29T12:17:22Z,,devin-ai-integration[bot],351,39,913914262,https://api.github.com/repos/appdotbuild/agent,,,unavailable,
Annotator_1,3081313789,8,Refactor: Extract duplicate code and streamline the codebase,https://github.com/RealChrisSean/semantic-qna/pull/8,closed_unmerged,Extract (other),Python,RealChrisSean/semantic-qna,closed,2025-05-21T20:16:17Z,2025-05-30T14:51:04Z,,devin-ai-integration[bot],3,0,980969595,https://api.github.com/repos/RealChrisSean/semantic-qna,,,consistent,
Annotator_1,3267455121,6,Extract bottom sheet to separate component,https://github.com/bartwell/kick/pull/6,closed_unmerged,Extract Class/Module,Kotlin,bartwell/kick,closed,2025-07-27T21:32:11Z,2025-07-28T05:45:28Z,,bartwell,0,0,1021764574,https://api.github.com/repos/bartwell/kick,,,inconsistent,"The title claims an existing bottom sheet was extracted into a separate component, but no bottom sheet existed before; the diff adds new functionality (a file options sheet with Download/View-as-text, a new file viewer screen, and readFileText/exportFile platform functions) that the description only partly mentions."
Annotator_1,3145035833,560,Extract diagnostics into widget,https://github.com/ClubBoss/Poker_Analyzer/pull/560,closed_unmerged,Extract Class/Module,Dart,ClubBoss/Poker_Analyzer,closed,2025-06-13T23:10:05Z,2025-06-13T23:10:15Z,,ClubBoss,0,0,996455123,https://api.github.com/repos/ClubBoss/Poker_Analyzer,,,unavailable,
Annotator_1,3157994029,3421,[Agent] Extract logger & dispatcher utils,https://github.com/joeloverbeck/living-narrative-engine/pull/3421,closed_unmerged,Extract Method/Function,HTML,joeloverbeck/living-narrative-engine,closed,2025-06-18T19:48:27Z,2025-06-19T01:16:20Z,,joeloverbeck,1,1,961051317,https://api.github.com/repos/joeloverbeck/living-narrative-engine,,,consistent,
Annotator_1,3250539482,122,Refactor Timeline components to extract business logic into TimelineContext,https://github.com/tadosuke/narabetask/pull/122,closed_unmerged,Extract Method/Function,TypeScript,tadosuke/narabetask,closed,2025-07-22T00:45:50Z,2025-07-22T08:28:07Z,,Copilot,0,0,1023087924,https://api.github.com/repos/tadosuke/narabetask,,,consistent,
Annotator_1,2987852048,39,refactor: extract getDefaultDatabase utility function,https://github.com/neondatabase-labs/mcp-server-neon/pull/39,closed_unmerged,Extract Method/Function,TypeScript,neondatabase-labs/mcp-server-neon,closed,2025-04-11T07:46:58Z,2025-04-11T08:18:32Z,,devin-ai-integration[bot],390,56,896203400,https://api.github.com/repos/neondatabase-labs/mcp-server-neon,,,inconsistent,"The description presents only the extraction of getDefaultDatabase, but the PR also includes an undescribed functional commit that makes databaseName optional across all tool schemas and stops assuming the neondb database and neondb_owner role exist."
Annotator_1,3127327064,5,Extract helper for dealership authorization,https://github.com/copp1723/seorylie/pull/5,closed_unmerged,Extract Method/Function,TypeScript,copp1723/seorylie,closed,2025-06-07T18:01:59Z,2025-06-09T00:21:30Z,,copp1723,0,0,994762115,https://api.github.com/repos/copp1723/seorylie,,,unavailable,
Annotator_1,3147913573,126,Move project to src layout,https://github.com/Trashytalk/piwardrive/pull/126,closed_unmerged,Move (other),Python,Trashytalk/piwardrive,closed,2025-06-15T18:15:12Z,2025-07-05T21:09:21Z,,Trashytalk,0,0,1001140159,https://api.github.com/repos/Trashytalk/piwardrive,,,unavailable,
Annotator_1,3155360726,18,refactor(sync): move storage to middleware,https://github.com/AgentEnder/packing-list/pull/18,closed_unmerged,Move (other),TypeScript,AgentEnder/packing-list,closed,2025-06-18T03:43:55Z,2025-06-23T03:59:58Z,,AgentEnder,2,1,992331030,https://api.github.com/repos/AgentEnder/packing-list,,,consistent,
Annotator_1,2854654856,1376,refactor: Move node-pty to separate process,https://github.com/onlook-dev/onlook/pull/1376,closed_unmerged,Move (other),TypeScript,onlook-dev/onlook,closed,2025-02-14T20:34:47Z,2025-02-14T23:25:02Z,,devin-ai-integration[bot],21192,1419,820087727,https://api.github.com/repos/onlook-dev/onlook,,,consistent,
Annotator_1,3242731641,55,Refactor: Move from_pandas from EventDataset class to kessler.io module,https://github.com/Boniface316/kessler/pull/55,closed_unmerged,Move Class/File,,Boniface316/kessler,closed,2025-07-18T10:23:46Z,2025-07-18T10:58:18Z,,Copilot,0,0,927995646,https://api.github.com/repos/Boniface316/kessler,,,consistent,
Annotator_1,2781650106,9,refactor: move shared code to purenote-core package,https://github.com/mitoyouhei/purenote-webapp/pull/9,closed_unmerged,Move Class/File,TypeScript,mitoyouhei/purenote-webapp,closed,2025-01-11T06:07:23Z,2025-01-11T09:42:28Z,,devin-ai-integration[bot],0,0,843685722,https://api.github.com/repos/mitoyouhei/purenote-webapp,,,inconsistent,"The description says shared code was moved to purenote-core and webapp imports were updated, but the diff only adds files (0 deletions), leaves the webapp untouched, and commits ~1,366 node_modules files, so the code is copied rather than moved."
Annotator_1,3183045146,1242,Codex/move scan provider to tools section and add file path scan,https://github.com/jdfalk/subtitle-manager/pull/1242,closed_unmerged,Move Class/File,Go,jdfalk/subtitle-manager,closed,2025-06-27T14:30:01Z,2025-06-27T14:30:58Z,,jdfalk,1,1,949218884,https://api.github.com/repos/jdfalk/subtitle-manager,,,inconsistent,"The description details a ScanLibrary refactor, new scan API endpoints, a LibraryScan component and tests, but the PR has no commits (its head is already on main), so none of the described changes are in its diff."
Annotator_1,2761651979,664,refactor: move SumOrderComparator into separate files,https://github.com/ohhmm/openmind/pull/664,closed_unmerged,Move Class/File,C++,ohhmm/openmind,closed,2024-12-28T09:49:42Z,2025-01-22T19:02:55Z,,devin-ai-integration[bot],14,8,19935645,https://api.github.com/repos/ohhmm/openmind,,,consistent,
Annotator_1,3272005415,25,Refactor core module architecture: move environment detection from managers to storage-factory,https://github.com/yysun/agent-world/pull/25,closed_unmerged,Move Class/File,TypeScript,yysun/agent-world,closed,2025-07-29T04:27:24Z,2025-07-29T12:52:58Z,,Copilot,0,1,893247686,https://api.github.com/repos/yysun/agent-world,,,consistent,
Annotator_1,2997233334,20711,refactor: move app-store imports directly into lib,https://github.com/calcom/cal.com/pull/20711,closed_unmerged,Move Class/File,TypeScript,calcom/cal.com,closed,2025-04-15T18:15:20Z,2025-04-15T19:16:00Z,,devin-ai-integration[bot],37399,10122,350360184,https://api.github.com/repos/calcom/cal.com,,,inconsistent,"The description claims app-store code was moved into @calcom/lib, but the new services are mostly stubs (getApps returns an empty array, appStore is an empty object, the Daily video key schema becomes a plain object), which changes behavior instead of moving the original logic."
Annotator_1,3153077770,41,refactor: move Priority to core and use interfaces,https://github.com/paul-freeman/rimworld-freewill/pull/41,closed_unmerged,Move Class/File,C#,paul-freeman/rimworld-freewill,closed,2025-06-17T11:05:31Z,2025-06-17T11:18:43Z,,paul-freeman,7,7,395927465,https://api.github.com/repos/paul-freeman/rimworld-freewill,,,consistent,
Annotator_1,3103299731,100,Refactor: Move multiclass validation logic into error_handlers.py,https://github.com/DanielAvdar/tabnet/pull/100,closed_unmerged,Move Class/File,Python,DanielAvdar/tabnet,closed,2025-05-30T13:47:19Z,2025-05-30T15:01:00Z,,Copilot,3,0,755129778,https://api.github.com/repos/DanielAvdar/tabnet,,,inconsistent,"The description says four functions were moved from multiclass_validation.py, but validation.py gains ~30 extra functions copied from other utils modules (e.g., type_of_target, unique_labels) with the four moved functions defined twice, plus an unrelated __version__ fallback change."
Annotator_1,3109437939,3,[WIP] Move VM to separate module,https://github.com/SerenityCodes/ZapLang/pull/3,closed_unmerged,Move Class/File,C++,SerenityCodes/ZapLang,closed,2025-06-02T09:53:42Z,2025-06-02T11:40:52Z,,Copilot,0,0,914540496,https://api.github.com/repos/SerenityCodes/ZapLang,,,unavailable,
Annotator_1,3230620175,47,Refactor extract links tool,https://github.com/IsaacIndex/webdocs-mcp-server/pull/47,merged,Extract (other),Python,IsaacIndex/webdocs-mcp-server,closed,2025-07-15T03:20:17Z,2025-07-15T10:54:26Z,2025-07-15T10:54:26Z,IsaacIndex,0,0,1001232338,https://api.github.com/repos/IsaacIndex/webdocs-mcp-server,,,consistent,
Annotator_1,3156504190,26,Extract reusable build workflow,https://github.com/leynos/falcon-pachinko/pull/26,merged,Extract (other),Python,leynos/falcon-pachinko,closed,2025-06-18T11:27:45Z,2025-06-18T13:37:42Z,2025-06-18T13:37:42Z,leynos,0,0,999916159,https://api.github.com/repos/leynos/falcon-pachinko,,,consistent,
Annotator_1,3209044672,117,Refactor: extract runtime engine,https://github.com/adrianwedd/latent-self/pull/117,merged,Extract (other),Python,adrianwedd/latent-self,closed,2025-07-07T13:26:49Z,2025-07-07T13:27:02Z,2025-07-07T13:27:02Z,adrianwedd,0,0,1010482976,https://api.github.com/repos/adrianwedd/latent-self,,,consistent,
Annotator_1,3151572863,55,Extract session form,https://github.com/joaopedroAnelli/iWorkout/pull/55,merged,Extract (other),Swift,joaopedroAnelli/iWorkout,closed,2025-06-16T23:11:52Z,2025-06-16T23:23:35Z,2025-06-16T23:23:35Z,joaopedroAnelli,1,0,996285894,https://api.github.com/repos/joaopedroAnelli/iWorkout,,,consistent,
Annotator_1,3144919972,134,refactor(navigation): extract student routes,https://github.com/tsampolion/EduInvoiceApp/pull/134,merged,Extract (other),Kotlin,tsampolion/EduInvoiceApp,closed,2025-06-13T22:09:44Z,2025-06-13T22:11:08Z,2025-06-13T22:11:08Z,tsampolion,0,0,990098360,https://api.github.com/repos/tsampolion/EduInvoiceApp,,,consistent,
Annotator_1,3074421339,788,refactor: Extract GraphQL configuration into separate modules,https://github.com/bolt-foundry/bolt-foundry/pull/788,merged,Extract Class/Module,HTML,bolt-foundry/bolt-foundry,closed,2025-05-19T16:34:01Z,2025-05-19T16:37:34Z,2025-05-19T16:37:34Z,randallb,27,1,926711750,https://api.github.com/repos/bolt-foundry/bolt-foundry,,,unavailable,
Annotator_1,3183231768,4609,[Agent] Extract services from EntityManager,https://github.com/joeloverbeck/living-narrative-engine/pull/4609,merged,Extract Class/Module,HTML,joeloverbeck/living-narrative-engine,closed,2025-06-27T15:34:21Z,2025-06-27T15:36:30Z,2025-06-27T15:36:30Z,joeloverbeck,1,1,961051317,https://api.github.com/repos/joeloverbeck/living-narrative-engine,,,consistent,
Annotator_1,3204409550,22,Organize agents package and extract constants,https://github.com/onskydeep35/LLMFinalExam/pull/22,merged,Extract Class/Module,Python,onskydeep35/LLMFinalExam,closed,2025-07-05T06:10:30Z,2025-07-05T06:10:56Z,2025-07-05T06:10:56Z,onskydeep35,0,0,1013997699,https://api.github.com/repos/onskydeep35/LLMFinalExam,,,unavailable,
Annotator_1,3148023944,42,Extract MusicRecorder class,https://github.com/rednebmas/memoryflash/pull/42,merged,Extract Class/Module,TypeScript,rednebmas/memoryflash,closed,2025-06-15T19:59:41Z,2025-06-16T05:32:54Z,2025-06-16T05:32:54Z,rednebmas,1,0,859108641,https://api.github.com/repos/rednebmas/memoryflash,,,consistent,
Annotator_1,3250327287,152,[BOT] refactor(game): extract cache utilities,https://github.com/Ddemon26/2006Scape/pull/152,merged,Extract Method/Function,Java,Ddemon26/2006Scape,closed,2025-07-21T23:19:13Z,2025-07-21T23:22:02Z,2025-07-21T23:22:02Z,Ddemon26,0,1,1009802329,https://api.github.com/repos/Ddemon26/2006Scape,,,consistent,
Annotator_1,3264963254,1212,refactor: extract lazy utils,https://github.com/arran4/goa4web/pull/1212,merged,Extract Method/Function,Go,arran4/goa4web,closed,2025-07-26T03:19:10Z,2025-07-26T03:26:06Z,2025-07-26T03:26:06Z,arran4,2,0,673649816,https://api.github.com/repos/arran4/goa4web,,,consistent,
Annotator_1,3251244159,158,[BOT] refactor(core): extract screenshot and clipboard logic,https://github.com/Ddemon26/2006Scape/pull/158,merged,Extract Method/Function,Java,Ddemon26/2006Scape,closed,2025-07-22T06:09:03Z,2025-07-22T06:13:07Z,2025-07-22T06:13:07Z,Ddemon26,0,1,1009802329,https://api.github.com/repos/Ddemon26/2006Scape,,,consistent,
Annotator_1,3150215225,306,Extract effect logic into custom hooks,https://github.com/esnya/blobloom/pull/306,merged,Extract Method/Function,TypeScript,esnya/blobloom,closed,2025-06-16T14:21:52Z,2025-06-16T14:23:06Z,2025-06-16T14:23:06Z,esnya,0,0,1002030839,https://api.github.com/repos/esnya/blobloom,,,consistent,
Annotator_1,3146960398,9,Codex/extract getmergelayout method and add tests,https://github.com/Brabados/SkyPirates/pull/9,merged,Extract Method/Function,C#,Brabados/SkyPirates,closed,2025-06-15T01:25:57Z,2025-06-15T01:43:00Z,2025-06-15T01:43:00Z,arran4,1,1,794643949,https://api.github.com/repos/Brabados/SkyPirates,,,consistent,
Annotator_1,3165620087,4,Add move option to dataset split,https://github.com/danieleschmidt/chest-xray-pneumonia-detector/pull/4,merged,Move (other),Python,danieleschmidt/chest-xray-pneumonia-detector,closed,2025-06-22T03:17:17Z,2025-06-22T03:20:59Z,2025-06-22T03:20:59Z,danieleschmidt,1,0,987864466,https://api.github.com/repos/danieleschmidt/chest-xray-pneumonia-detector,,,inconsistent,"The description only covers adding a --move flag to a dataset split tool, but the diff also rewrites train_engine.py, evaluate.py, inference.py and model_builder.py with new multi-class and hyperparameter CLI options, and data_split.py is a brand-new module rather than a move refactoring."
Annotator_1,3241718819,2,Refactor: move training constants to config,https://github.com/RyuAmakaze/Qulacs-LLP/pull/2,merged,Move (other),Python,RyuAmakaze/Qulacs-LLP,closed,2025-07-18T03:30:37Z,2025-07-18T03:30:55Z,2025-07-18T03:30:55Z,RyuAmakaze,0,0,1021326106,https://api.github.com/repos/RyuAmakaze/Qulacs-LLP,,,unavailable,
Annotator_1,3176197966,279,Refactor vehicle move check,https://github.com/rafalohaki/NoCheatPlus/pull/279,merged,Move (other),Java,rafalohaki/NoCheatPlus,closed,2025-06-25T16:05:22Z,2025-06-25T16:06:06Z,2025-06-25T16:06:06Z,rafalohaki,1,0,1007015629,https://api.github.com/repos/rafalohaki/NoCheatPlus,,,unavailable,
Annotator_1,3105520690,26,Refactor project name and move caching,https://github.com/vilosource/cielo_azure_billing/pull/26,merged,Move (other),Python,vilosource/cielo_azure_billing,closed,2025-05-31T13:58:12Z,2025-05-31T13:59:21Z,2025-05-31T13:59:21Z,vilosource,0,0,992683562,https://api.github.com/repos/vilosource/cielo_azure_billing,,,consistent,
Annotator_1,3120294005,34,Move SharedPreferences keys to constants,https://github.com/MihaiCristianCondrea/Low-Brightness-for-Android/pull/34,merged,Move (other),Kotlin,MihaiCristianCondrea/Low-Brightness-for-Android,closed,2025-06-05T08:20:29Z,2025-06-05T08:20:44Z,2025-06-05T08:20:44Z,MihaiCristianCondrea,11,0,522869115,https://api.github.com/repos/MihaiCristianCondrea/Low-Brightness-for-Android,,,unavailable,
Annotator_1,2765135206,9,refactor: move inline styles to sections,https://github.com/optmsp/weather-app/pull/9,merged,Move (other),Vue,optmsp/weather-app,closed,2025-01-01T15:45:43Z,2025-01-01T16:08:26Z,2025-01-01T16:08:26Z,devin-ai-integration[bot],0,0,910354656,https://api.github.com/repos/optmsp/weather-app,,,consistent,
Annotator_1,3211231952,44,Move core models into package,https://github.com/damianhaase/tnt-combat-simulator/pull/44,merged,Move Class/File,Python,damianhaase/tnt-combat-simulator,closed,2025-07-08T06:36:16Z,2025-07-08T06:37:03Z,2025-07-08T06:37:03Z,damianhaase,0,0,1003909771,https://api.github.com/repos/damianhaase/tnt-combat-simulator,,,unavailable,
Annotator_1,3165633878,64,Move inline tool logic to external script files,https://github.com/eliteandhonor/free-tools-hub/pull/64,merged,Move Class/File,HTML,eliteandhonor/free-tools-hub,closed,2025-06-22T03:49:37Z,2025-06-22T03:49:53Z,2025-06-22T03:49:53Z,eliteandhonor,0,0,1005860369,https://api.github.com/repos/eliteandhonor/free-tools-hub,,,consistent,
Annotator_1,3224986321,8,refactor: move geocoding helpers to new module,https://github.com/Bhirsh1991/Route-optimization-/pull/8,merged,Move Class/File,HTML,Bhirsh1991/Route-optimization-,closed,2025-07-12T07:21:16Z,2025-07-12T07:21:35Z,2025-07-12T07:21:35Z,Bhirsh1991,0,0,1017926706,https://api.github.com/repos/Bhirsh1991/Route-optimization-,,,inconsistent,"The PR has no description, and the move is not behavior-preserving because the relocated geocodeAddress no longer shows the user-facing error message (showMessage) on geocoding failure."
Annotator_1,3123268247,12751,Move revenue count logic to BillService,https://github.com/hmislk/hmis/pull/12751,merged,Move Class/File,HTML,hmislk/hmis,closed,2025-06-06T01:09:32Z,2025-06-06T01:38:59Z,2025-06-06T01:38:59Z,buddhika75,167,104,21764480,https://api.github.com/repos/hmislk/hmis,,,consistent,
Annotator_1,3198690032,86,Move restore to shell,https://github.com/Daylily-Informatics/bloom/pull/86,merged,Move Class/File,Python,Daylily-Informatics/bloom,closed,2025-07-03T09:21:57Z,2025-07-03T09:22:51Z,2025-07-03T09:22:51Z,iamh2o,1,1,740844524,https://api.github.com/repos/Daylily-Informatics/bloom,,,consistent,
Annotator_1,3245346494,158,refactor(modules): move data layer,https://github.com/tsampolion/EduInvoiceApp/pull/158,merged,Move Class/File,Kotlin,tsampolion/EduInvoiceApp,closed,2025-07-19T14:32:41Z,2025-07-19T14:32:58Z,2025-07-19T14:32:58Z,tsampolion,0,0,990098360,https://api.github.com/repos/tsampolion/EduInvoiceApp,,,consistent,
Annotator_1,3260897929,281,[refactor] move inline styles to css modules,https://github.com/TaylorChyi/Glancy-site/pull/281,merged,Move Class/File,JavaScript,TaylorChyi/Glancy-site,closed,2025-07-24T18:53:55Z,2025-07-24T18:54:06Z,2025-07-24T18:54:06Z,TaylorChyi,0,0,1018703452,https://api.github.com/repos/TaylorChyi/Glancy-site,,,consistent,
Annotator_1,3189577039,5,refactor(scripts): move remaining utilities,https://github.com/konturio/fibery-tools/pull/5,merged,Move Method/Function,Python,konturio/fibery-tools,closed,2025-06-30T19:10:41Z,2025-06-30T19:11:01Z,2025-06-30T19:11:01Z,Komzpa,0,0,1007854146,https://api.github.com/repos/konturio/fibery-tools,,,consistent,
Annotator_1,3250384763,153,[BOT] refactor: move music logic out of Game,https://github.com/Ddemon26/2006Scape/pull/153,merged,Move Method/Function,Java,Ddemon26/2006Scape,closed,2025-07-21T23:39:26Z,2025-07-21T23:55:49Z,2025-07-21T23:55:49Z,Ddemon26,0,1,1009802329,https://api.github.com/repos/Ddemon26/2006Scape,,,consistent,
Annotator_1,3120280801,26,refactor/stocks: move StockPrice type to utils,https://github.com/LunaTK/codex-nextjs/pull/26,merged,Move Method/Function,TypeScript,LunaTK/codex-nextjs,closed,2025-06-05T08:16:03Z,2025-06-05T08:16:30Z,2025-06-05T08:16:30Z,LunaTK,0,0,995757190,https://api.github.com/repos/LunaTK/codex-nextjs,,,unavailable,
